Name,Club,Club_Position,Rating,Ball_Control,Dribbling,Marking,Sliding_Tackle,Standing_Tackle,Aggression,Reactions,Attacking_Position,Interceptions,Vision,Composure,Crossing,Short_Pass,Long_Pass,Acceleration,Speed,Stamina,Strength,Balance,Agility,Jumping,Heading,Shot_Power,Finishing,Long_Shots,Curve,Freekick_Accuracy,Penalties,Volleys
Luis Suárez,FC Barcelona,ST,92,91,86,30,38,45,78,93,92,41,84,83,77,83,64,88,77,89,76,60,86,69,77,87,94,86,86,84,85,88
Robert Lewandowski,FC Bayern,ST,90,87,85,25,19,42,80,88,89,39,78,87,62,83,65,79,82,79,84,79,78,84,85,86,91,82,77,76,81,86
Zlatan Ibrahimović,Manchester Utd,ST,90,90,87,15,27,41,84,85,86,20,83,91,76,84,76,69,74,75,93,41,86,72,80,93,90,88,82,82,91,93
Gonzalo Higuaín,Juventus,ST,89,85,84,12,18,22,50,86,92,20,70,84,68,73,59,79,81,73,85,69,75,77,80,86,92,80,74,62,70,88
Sergio Agüero,Manchester City,ST,89,89,89,13,12,20,57,88,91,24,83,90,70,79,63,92,86,74,73,90,86,80,68,87,90,84,82,72,80,85
Alexis Sánchez,Arsenal,ST,88,86,89,30,35,39,80,87,86,42,82,82,80,80,73,88,84,85,72,87,90,85,70,84,85,81,78,78,77,83
Pierre-Emerick Aubameyang,Bor. Dortmund,ST,87,82,82,28,36,25,45,87,89,48,77,79,77,77,64,95,96,79,77,69,80,77,79,81,88,79,78,74,82,86
Diego Costa,Chelsea,ST,86,83,79,28,34,39,93,85,88,40,74,84,65,67,52,76,78,85,91,52,58,64,82,84,89,72,62,59,76,82
Edinson Cavani,PSG,ST,86,80,80,24,27,45,82,85,89,48,77,81,70,75,50,76,79,90,74,59,82,88,88,85,85,78,75,74,84,84
Karim Benzema,Real Madrid,ST,86,86,82,13,12,15,65,83,87,22,85,82,75,86,47,79,82,74,78,60,77,70,78,83,87,77,79,73,82,79
Alexandre Lacazette,Olym. Lyonnais,ST,85,84,85,23,30,42,70,85,87,40,77,86,70,80,68,84,87,80,79,84,87,78,76,81,87,74,74,78,84,82
Romelu Lukaku,Everton,ST,85,79,76,27,30,30,72,77,85,27,70,84,68,71,68,81,89,80,93,48,62,71,83,88,87,76,64,66,80,76
Dries Mertens,Napoli,ST,85,88,88,30,40,40,59,80,81,36,81,75,77,80,74,93,87,76,42,92,94,60,35,80,77,81,80,77,78,70
Mauro Icardi,Inter,ST,84,79,75,17,21,21,35,83,89,22,64,76,46,73,54,78,80,72,76,76,75,90,84,81,89,70,58,45,78,81
Aduriz,Athletic Bilbao,ST,84,80,79,46,49,44,82,85,86,23,73,87,54,71,52,69,71,66,82,57,53,93,94,83,85,80,61,54,77,84
Carlos Bacca,Milan,ST,83,80,80,12,14,16,68,82,87,34,66,80,60,72,50,83,83,74,76,75,78,77,76,78,88,70,72,58,79,82
Roberto Firmino,Liverpool,ST,83,83,87,30,42,64,64,81,84,37,83,76,72,83,76,79,79,86,76,81,82,81,73,79,82,80,80,67,72,78
Ciro Immobile,Lazio,ST,82,79,77,31,32,33,77,85,86,40,59,81,55,70,49,79,85,73,76,63,77,78,75,86,86,76,70,51,76,81
Edin Džeko,Roma,ST,82,79,75,11,16,28,51,78,87,50,70,76,63,72,59,68,65,72,82,42,58,66,80,86,86,69,65,54,70,75
Javier Hernández,Bayer 04,ST,82,79,76,22,25,29,59,82,88,26,72,81,62,70,55,86,79,75,58,84,81,85,82,76,87,69,67,52,76,79
Mario Gómez,VfL Wolfsburg,ST,82,75,74,20,20,24,72,80,84,20,62,85,62,69,50,68,75,69,86,55,64,76,83,82,84,78,68,36,74,78
David Villa,NYCFC,ST,82,85,82,22,38,28,67,82,86,29,71,83,71,74,67,75,72,73,66,75,76,67,66,80,86,76,83,80,88,78
Andrea Belotti,Torino,ST,81,76,76,15,32,23,79,78,85,31,61,75,42,68,42,80,82,84,85,75,79,83,81,81,86,67,64,56,77,80
Salomón Rondón,West Brom,ST,81,78,75,25,13,23,72,73,82,33,53,75,48,69,40,76,77,68,91,48,72,72,88,86,81,70,53,52,62,75
Mario Balotelli,OGC Nice,ST,81,85,81,16,20,22,70,62,76,30,70,64,68,72,52,76,78,60,85,50,69,75,66,86,83,74,78,78,92,74
Nikola Kalinić,Fiorentina,ST,81,79,74,22,28,32,70,85,90,42,66,78,60,72,48,69,78,79,78,58,69,68,80,78,85,68,64,54,70,80
Christian Benteke,Crystal Palace,ST,81,80,72,25,18,30,65,71,76,29,73,78,58,72,48,75,79,77,90,48,74,82,86,85,79,76,60,67,77,74
André-Pierre Gignac,Tigres,ST,81,77,75,22,23,41,80,76,81,51,72,80,72,73,68,75,72,72,88,60,66,70,80,84,82,80,77,70,78,80
Lukas Podolski,Galatasaray,ST,81,78,78,33,39,39,70,76,79,36,78,79,75,77,64,79,77,67,77,72,69,65,65,92,82,81,80,75,83,89
Negredo,Middlesbrough,ST,81,79,72,36,32,34,78,76,80,32,64,67,53,75,66,64,65,65,88,57,67,79,83,85,81,77,68,69,80,81
Rubén Castro,Real Betis,ST,81,81,83,11,14,12,50,87,86,37,74,70,60,69,45,80,77,75,61,77,87,76,73,77,84,78,72,69,76,72
Jermain Defoe,Sunderland,ST,81,77,78,24,11,20,63,80,87,19,67,84,54,68,43,78,77,73,62,88,83,74,68,88,87,81,63,68,71,83
Samuel Eto'o,Antalyaspor,ST,81,80,80,20,35,39,75,79,83,39,75,84,69,76,71,73,75,68,70,74,79,85,73,85,84,75,78,72,85,80
Manolo Gabbiadini,Southampton,ST,80,84,80,18,20,24,57,75,78,18,72,71,70,74,64,79,79,69,76,56,74,76,73,87,81,89,78,82,72,73
Fedor Smolov,FC Krasnodar,ST,80,78,77,26,24,28,67,74,83,32,75,73,56,77,62,86,85,74,75,66,75,67,70,80,82,74,78,64,74,79
Stevan Jovetić,Sevilla FC,ST,80,88,85,26,30,32,50,76,80,30,78,80,72,78,64,78,81,69,75,69,80,70,68,82,80,82,85,72,80,79
Kevin-Prince Boateng,UD Las Palmas,ST,80,83,79,59,72,71,82,73,77,67,76,80,75,80,77,75,73,70,86,58,77,85,74,84,73,77,81,71,67,83
Vedad Ibišević,Hertha BSC,ST,80,76,72,20,22,35,82,84,85,30,73,79,65,76,47,54,64,68,79,59,66,72,82,80,85,66,73,56,77,84
Florin Andone,RC Deportivo,ST,79,76,73,27,38,52,81,83,84,51,67,86,62,62,53,81,79,87,75,69,79,79,76,79,79,74,54,55,74,77
Omar Al Soma,Al Ahli,ST,79,76,71,35,34,33,67,79,77,43,70,71,66,69,64,79,76,81,83,74,74,75,77,84,80,76,69,74,74,67
Simone Zaza,Valencia CF,ST,79,77,76,28,36,36,78,69,83,34,66,68,52,65,45,77,78,69,80,68,77,85,80,82,80,76,68,56,80,76
Willian José,Real Sociedad,ST,79,79,76,29,35,37,65,80,81,40,63,73,54,73,46,64,68,66,86,51,59,56,75,83,82,78,63,71,80,75
Jonathas,Rubin Kazan,ST,79,78,72,24,32,24,79,74,81,28,65,75,61,63,46,72,77,66,87,53,59,75,78,85,80,73,40,38,78,74
Seydou Doumbia,FC Basel,ST,79,77,80,34,37,39,65,80,78,29,74,81,46,74,65,90,92,84,67,70,70,83,73,79,79,75,79,71,79,78
Artem Dzyuba,Zenit,ST,79,78,71,25,19,15,75,76,83,30,79,70,61,71,55,69,73,83,93,37,50,60,88,79,78,66,65,60,77,72
Marcus Berg,Panathinaikos,ST,79,77,72,12,25,33,61,75,83,28,66,75,56,72,51,74,75,69,76,71,71,74,77,79,80,74,66,47,70,74
Llorente,Swansea City,ST,79,77,67,15,15,25,71,80,85,25,70,84,44,71,49,52,57,63,91,33,40,56,90,79,78,64,57,40,70,80
Bafétimbi Gomis,Olym. Marseille,ST,79,76,72,39,35,32,52,76,79,38,69,82,61,73,46,66,70,66,85,58,59,73,81,84,80,75,61,62,83,79
Duván Zapata,Udinese,ST,78,76,72,20,22,24,58,74,78,20,47,73,44,64,38,69,78,69,90,58,65,79,78,86,81,64,46,64,64,76
Łukasz Teodorczyk,RSC Anderlecht,ST,78,72,69,13,20,22,76,74,83,24,65,77,58,69,64,75,77,79,77,58,63,74,80,77,82,69,50,49,65,76
Nicolai Jørgensen,Feyenoord,ST,78,80,78,33,24,36,60,74,76,31,75,68,68,73,63,76,78,84,81,64,66,72,71,80,78,77,69,64,72,73
John Guidetti,Celta Vigo,ST,78,83,76,20,25,26,75,76,78,34,60,78,67,70,53,65,66,64,82,58,65,68,67,85,79,80,68,80,81,77
Rogelio Funes Mori,Monterrey,ST,78,76,75,47,44,45,80,75,80,49,72,76,65,70,65,83,77,83,77,73,79,82,76,75,81,68,75,58,70,74
Sergi Enrich,SD Eibar,ST,78,79,73,26,22,42,66,82,85,42,63,65,65,69,61,60,67,77,80,65,68,76,80,73,81,67,55,47,63,79
Cenk Tosun,Beşiktaş,ST,78,76,74,13,15,34,72,78,80,31,61,74,64,70,60,74,73,74,80,66,76,80,82,80,78,73,72,73,82,76
Fredy Montero,Whitecaps FC,ST,78,86,83,29,27,36,52,74,77,40,83,75,76,78,68,75,74,74,58,84,87,81,75,80,78,82,86,76,77,82
Raúl Bobadilla,FC Augsburg,ST,78,75,78,21,24,51,86,75,76,27,64,72,75,73,59,69,76,77,91,78,66,82,74,85,77,72,78,71,68,76
Andy Carroll,West Ham,ST,78,74,67,42,43,46,85,77,76,45,65,78,64,65,56,69,65,75,92,50,62,84,91,85,77,78,53,42,73,74
Adrián Ramos,Granada CF,ST,78,75,74,23,28,33,58,77,78,43,65,78,68,69,55,78,83,72,75,68,75,91,86,76,78,64,68,48,72,73
Vágner Love,Aytemiz Alanyaspor,ST,78,77,78,18,25,33,72,72,82,40,72,76,57,71,45,76,73,75,79,82,76,77,76,80,79,73,68,38,85,72
Formosandrinho,Ponte Preta,ST,77,73,72,16,15,14,52,73,75,23,56,51,57,65,58,81,81,61,72,77,79,56,77,85,76,77,61,55,56,72
Sandro,Málaga CF,ST,77,81,75,15,24,25,62,73,77,33,56,46,65,68,49,79,78,65,68,81,87,72,62,80,84,77,83,81,70,74
Darío Benedetto,Boca Juniors,ST,77,73,74,25,27,27,64,75,77,28,69,70,61,68,65,78,84,74,71,66,76,88,75,81,74,80,67,57,66,71
Diego Rolán,Giron. Bordeaux,ST,77,77,78,33,18,27,62,79,83,24,74,72,73,76,62,75,78,67,63,69,76,72,68,75,79,65,68,70,75,67
Gerard Moreno,RCD Espanyol,ST,77,77,73,42,41,41,41,81,80,40,58,61,61,71,56,69,66,70,68,69,70,72,72,76,81,68,70,56,73,74
Zé Luís,Spartak Moscow,ST,77,74,76,18,24,19,76,80,76,29,64,72,45,63,44,74,75,68,83,61,64,92,79,79,75,64,66,54,75,75
Nicolás Blandi,San Lorenzo,ST,77,76,65,33,27,30,47,78,86,41,43,79,55,73,63,67,65,74,64,60,79,79,80,75,82,72,55,54,78,77
Mattia Destro,Bologna,ST,77,76,72,12,20,22,62,70,84,20,58,76,56,68,42,76,78,68,68,76,76,82,76,78,82,60,68,51,69,76
Luuk de Jong,PSV,ST,77,77,69,39,37,40,50,76,82,25,73,73,67,77,58,55,65,76,80,57,64,83,90,80,74,68,68,65,58,78
Éder,LOSC Lille,ST,77,73,76,34,38,45,83,75,78,47,70,77,69,71,63,77,77,79,82,61,76,74,72,79,77,75,67,41,73,75
Dayro Moreno,Atl. Nacional,ST,77,76,73,22,24,27,52,81,77,41,70,78,69,69,62,76,71,74,67,69,74,51,69,81,78,80,75,78,80,79
Benjamin Moukandjo,FC Lorient,ST,77,75,79,25,19,20,51,76,77,32,65,67,72,71,60,90,91,70,65,70,83,71,68,78,80,65,71,71,79,72
Alessandro Matri,Sassuolo,ST,77,74,68,16,24,28,50,74,84,25,60,78,50,67,45,68,69,68,78,65,72,85,80,76,80,58,65,46,70,77
Mauro Boselli,León,ST,77,76,69,22,33,35,70,74,82,23,65,72,57,70,61,64,66,67,81,55,62,78,84,74,81,66,60,53,75,65
Jimmy Briand,EA Guingamp,ST,77,73,72,43,41,46,69,75,78,42,80,74,71,79,71,73,80,74,78,65,81,81,79,77,77,69,67,66,69,79
Emmanuel Adebayor,Medipol Başakşehir,ST,77,74,72,23,19,25,70,75,76,31,75,84,58,72,55,68,71,64,82,52,65,76,78,79,76,68,69,44,79,78
Deyverson,Deport. Alavés,ST,76,74,66,21,36,39,82,79,80,34,55,67,57,64,46,73,79,75,73,49,73,85,81,76,75,65,48,31,66,75
Nicolás Castillo,U.N.A.M.,ST,76,75,68,27,19,30,67,74,78,37,58,72,49,65,59,68,64,69,83,81,62,79,77,78,79,70,59,59,86,69
Robert Berić,AS Saint-Étienne,ST,76,74,69,43,23,30,65,70,83,38,75,71,52,72,67,68,70,74,76,65,62,72,71,75,83,66,65,56,71,67
Roger,Levante UD,ST,76,76,73,16,28,35,65,72,81,23,64,70,66,68,48,82,84,76,72,77,81,75,69,80,75,68,41,46,76,78
Guido Burgstaller,FC Schalke 04,ST,76,68,70,17,12,31,79,77,82,29,59,69,69,69,58,74,77,91,81,63,74,73,67,80,76,73,62,50,66,73
Léonard Kweuke,Çaykur Rizespor,ST,76,73,70,25,26,24,62,72,77,30,60,66,44,61,53,74,75,73,91,31,60,34,77,77,79,72,66,53,78,65
Bruno Fornaroli,Melbourne City,ST,76,77,73,29,37,40,65,76,80,36,72,80,56,61,49,79,77,73,76,80,79,72,66,72,80,63,73,72,74,71
Jonathan Kodjia,Aston Villa,ST,76,72,77,17,19,20,59,68,81,22,55,65,49,64,43,84,83,76,78,68,84,83,74,74,76,66,56,56,71,62
Cheick Diabaté,FC Metz,ST,76,73,68,21,15,17,83,77,80,19,56,80,49,68,59,50,53,70,92,50,41,68,79,81,77,69,56,48,80,77
Simon Terodde,VfB Stuttgart,ST,76,73,61,11,19,40,74,76,79,23,58,74,50,69,40,64,74,67,84,56,54,65,78,79,80,69,38,44,55,74
Martin Harnik,Hannover 96,ST,76,70,74,39,42,32,72,76,78,39,72,75,68,74,69,79,82,86,75,64,69,90,77,76,72,67,73,52,72,75
Jelle Vossen,Club Brugge,ST,76,73,68,33,40,39,64,78,82,48,73,75,67,74,68,62,62,85,60,73,74,70,72,79,80,76,72,70,75,83
Hugo Rodallega,Trabzonspor,ST,75,75,75,28,33,38,54,71,75,44,69,72,69,69,60,77,80,77,70,75,79,90,74,76,76,72,74,71,74,71
Giampaolo Pazzini,Hellas Verona,ST,76,74,64,16,20,22,70,70,86,20,58,78,50,65,40,67,69,56,66,78,73,93,88,68,83,40,63,40,85,80
Luimo Boas Santos,Santa Cruz,ST,75,76,71,25,19,20,43,79,77,20,64,73,42,65,56,68,77,64,67,69,78,82,73,75,75,74,79,60,74,76
Kasper Dolberg,Ajax,ST,75,78,74,20,19,24,52,67,73,21,68,74,42,68,54,73,78,63,79,67,68,72,68,85,75,77,67,70,71,68
Léo Bonatini,Al Hilal,ST,75,75,72,32,31,28,67,70,74,33,61,73,65,61,56,76,74,67,75,60,69,72,70,79,76,74,69,63,71,70
Martín Cauteruccio,Cruz Azul,ST,75,74,73,37,39,39,61,71,75,42,60,76,55,67,60,73,71,77,73,67,74,76,74,77,75,74,69,74,71,75
Facundo Ferreyra,Shakhtar Donetsk,ST,75,76,69,14,23,22,48,76,74,23,62,63,49,63,53,70,74,72,73,68,74,73,77,75,76,75,46,40,70,63
Dwight Gayle,Newcastle Utd,ST,75,71,69,12,13,21,46,74,78,35,34,76,59,62,52,86,83,66,61,80,84,71,68,73,79,72,50,75,73,68
Welthon,Paços Ferreira,ST,75,74,77,21,19,21,68,75,75,26,67,68,57,64,50,84,83,78,74,80,81,75,70,75,76,63,81,79,69,72
Bobby Wood,Hamburger SV,ST,75,70,75,15,13,20,60,70,71,40,38,65,64,66,62,87,86,73,74,77,78,83,70,72,79,64,67,62,72,68
Lacina Traoré,Sporting Gijón,ST,75,67,71,18,16,35,55,73,80,41,70,67,35,61,34,69,73,73,92,31,38,54,80,74,75,69,40,36,78,69
Andy Delort,Toulouse FC,ST,75,75,73,20,24,20,68,69,73,23,63,70,67,68,52,75,72,76,82,69,73,71,70,83,76,75,37,75,75,73
Fernandão,Fenerbahçe,ST,75,73,65,15,23,28,78,75,78,30,55,67,27,64,49,51,58,63,90,37,49,42,82,85,76,62,51,47,83,77
Abel Hernández,Hull City,ST,75,74,74,19,21,29,59,74,74,24,57,74,46,65,47,87,85,71,80,68,84,74,73,73,73,68,78,60,81,74
Rui Fonte,SC Braga,ST,75,76,74,28,28,33,60,78,75,32,60,67,58,61,48,78,76,66,64,64,75,85,74,74,75,66,76,63,74,72
Peter Crouch,Stoke City,ST,75,77,62,31,20,26,70,78,80,23,74,78,59,76,63,47,49,70,74,29,56,34,83,75,75,70,57,50,74,80
Alberto Gilardino,Pescara,ST,75,75,68,19,25,29,49,71,83,21,62,75,51,71,41,62,55,54,74,60,69,80,81,71,79,57,68,53,71,77
Steve Mounié,Montpellier HSC,ST,74,70,62,43,40,35,69,70,75,42,61,54,60,66,59,77,69,69,83,54,63,77,78,78,77,65,52,41,65,69
Fanendo Adi,Portland,ST,74,73,71,17,20,20,81,71,79,21,55,77,22,56,27,78,69,69,90,52,57,55,70,74,77,44,44,34,54,57
Giovanni Simeone,Genoa,ST,74,75,74,23,22,24,44,65,77,23,49,64,39,56,48,78,79,75,73,63,75,82,71,73,76,65,49,33,71,63
Loïs Diony,Dijon FCO,ST,74,72,72,15,13,20,72,68,75,21,49,65,58,64,35,81,79,69,78,64,70,63,68,78,75,65,43,32,66,40
Moussa Konaté,FC Sion,ST,74,72,72,15,15,17,37,78,71,24,56,59,60,62,36,87,89,72,70,70,78,81,75,72,74,56,46,37,72,60
Munas Dabbur,Grasshopper,ST,74,75,76,32,27,37,33,61,76,19,66,48,50,76,63,78,81,75,73,71,78,82,73,72,74,60,70,35,67,62
Luís Leal,Chiapas,ST,74,69,71,33,27,30,72,75,75,34,61,66,64,62,57,77,75,69,74,72,69,61,66,86,73,70,62,75,66,69
Darío Lezcano,FC Ingolstadt,ST,74,75,74,41,33,36,82,69,74,47,78,76,59,69,63,82,85,78,66,77,79,87,70,73,75,69,68,75,69,68
Thievy,Osmanlıspor,ST,74,74,74,17,19,23,64,72,71,34,38,62,63,62,47,92,94,67,71,73,89,90,60,85,72,64,50,45,56,64
Benik Afobe,Bournemouth,ST,74,73,71,21,17,22,60,68,78,25,65,70,49,67,52,85,82,71,76,69,70,77,66,68,77,67,68,57,72,70
Franco Jara,Pachuca,ST,74,76,75,30,29,29,60,68,73,28,65,70,67,72,65,77,78,70,68,66,77,68,70,76,75,73,70,50,72,72
Magaye Gueye,Adanaspor,ST,74,73,75,28,29,41,60,69,75,38,72,65,73,73,65,78,81,71,73,71,79,71,63,78,71,73,66,67,60,58
Chris Wood,Leeds United,ST,74,69,66,32,29,30,71,68,75,40,47,69,41,64,48,62,68,72,85,50,51,62,75,80,76,71,63,54,74,63
Yevhen Seleznyov,Karabükspor,ST,74,68,64,22,39,41,79,75,78,27,56,56,63,66,51,64,60,77,81,49,57,66,82,79,75,74,56,46,80,64
Ricky van Wolfswinkel,Vitesse,ST,74,74,70,22,26,38,51,75,79,46,69,71,54,68,62,65,64,66,74,71,62,71,72,69,78,68,73,51,80,77
Tomáš Necid,Legia Warszawa,ST,74,70,68,32,31,32,71,72,76,25,68,68,47,64,48,69,67,68,80,60,57,65,77,77,76,75,56,60,78,70
Ola Kamara,Columbus Crew SC,ST,74,76,64,21,19,20,72,75,73,34,48,74,50,58,41,77,79,76,77,70,63,79,74,73,77,61,61,37,71,69
Mbaye Leye,Zulte-Waregem,ST,74,73,71,28,33,35,59,68,83,37,74,84,70,73,58,67,69,75,70,67,68,76,80,71,73,69,68,67,68,69
Roberto Ovelar,Junior,ST,74,76,75,29,23,29,54,73,80,23,69,66,58,72,55,58,51,52,83,60,71,80,78,70,75,66,54,60,61,69
Yura Movsisyan,Real Salt Lake,ST,74,72,70,29,23,21,66,70,77,50,66,68,30,35,22,78,86,74,74,60,64,70,74,81,74,79,62,56,77,69
Besart Berisha,Melb. Victory,ST,74,70,71,14,12,15,90,74,78,42,69,73,56,66,32,75,73,74,81,77,80,86,73,72,75,52,60,46,75,63
Toché,Real Oviedo,ST,74,68,65,24,27,37,62,71,80,36,63,75,52,63,46,59,57,68,78,61,62,80,79,79,78,68,61,58,73,74
José Sand,Lanús,ST,74,65,58,26,29,24,72,87,86,26,57,70,56,58,44,46,32,33,75,52,50,74,81,74,83,70,54,66,78,70
Bobô,Sydney FC,ST,74,70,69,17,19,22,56,69,75,29,68,78,74,69,47,68,67,63,76,64,69,72,78,77,76,68,53,43,73,74
Yu Kobayashi,Kawasaki Front.,ST,73,75,77,21,26,24,42,73,74,31,56,65,66,66,57,82,81,82,62,68,86,57,63,73,75,66,57,56,62,66
Evandro Rochedo,A. Minas G.,ST,73,74,70,39,45,44,58,77,75,37,54,85,57,64,55,58,56,43,84,53,59,54,64,79,75,74,63,72,72,73
Tendai Ndoro,Orlando Pirates,ST,73,68,68,17,15,14,44,65,78,13,65,70,39,56,30,70,73,69,75,81,67,65,73,76,79,67,58,60,73,60
Enes Ünal,FC Twente,ST,73,73,66,23,24,33,43,68,72,29,61,64,56,64,47,71,72,67,76,67,75,71,63,79,75,75,74,75,68,72
Enzo Crivelli,SC Bastia,ST,73,70,67,31,23,26,87,70,75,25,61,64,49,72,52,54,69,71,82,42,67,70,73,75,75,60,59,49,58,61
Mbwana Ally Samatta,KRC Genk,ST,73,67,70,15,13,18,53,67,72,18,56,71,63,63,45,79,81,58,73,65,78,82,70,76,76,65,65,57,70,69
Jefferson Duque,Deportivo Cali,ST,73,71,66,17,17,19,46,73,78,36,56,79,46,62,57,70,68,69,78,66,66,80,68,80,70,72,32,46,82,60
Angelo Rodríguez,Deportes Tolima,ST,73,74,60,20,20,18,73,74,80,26,59,69,45,63,38,72,69,69,83,54,54,51,68,74,74,59,32,35,64,57
Felipe Mora,Uni. de Chile,ST,73,71,68,20,18,23,39,60,73,15,49,65,32,63,52,86,79,59,70,71,75,80,71,75,76,63,55,40,64,59
Moussa Dembélé,Celtic,ST,73,75,73,13,16,14,44,68,73,22,57,74,50,68,41,77,83,64,78,63,74,80,67,70,75,60,53,35,77,67
Mohammed Al Sahlawi,Al Nassr,ST,73,69,70,11,16,12,64,77,69,26,63,62,58,68,47,75,72,76,73,68,71,74,69,69,78,67,64,53,80,75
Ivan Santini,SM Caen,ST,73,68,60,26,25,34,76,74,72,40,62,67,29,69,43,44,47,79,88,40,50,75,80,79,80,72,37,46,75,70
Dom Dwyer,Sporting KC,ST,73,70,67,18,14,14,78,70,79,14,50,69,52,58,31,78,79,82,64,72,74,78,62,80,75,65,74,62,69,64
Kalifa Coulibaly,KAA Gent,ST,73,66,63,15,23,24,62,69,69,22,61,67,58,66,49,68,78,74,83,38,58,73,81,73,74,63,46,39,68,68
Raúl Ruidíaz,Monarcas Morelia,ST,73,73,75,24,23,22,62,68,76,28,65,73,67,65,53,82,85,75,46,81,82,70,70,76,75,70,66,69,67,67
Joselu,CD Lugo,ST,73,68,66,39,39,45,69,67,67,65,48,51,44,58,45,79,78,83,74,60,70,68,65,82,79,75,55,54,75,70
Ilja Nestorovski,Palermo,ST,73,73,71,30,26,27,48,71,79,27,42,43,39,61,37,68,69,79,76,72,63,69,67,68,78,69,56,52,64,67
Guerrero,CD Leganés,ST,73,70,65,23,33,41,80,75,76,32,63,81,43,67,58,68,74,70,65,69,64,72,75,78,74,62,66,50,65,74
Idriss Saadi,KV Kortrijk,ST,73,67,70,16,18,19,71,68,78,18,58,67,42,61,39,81,78,76,80,74,75,85,66,78,76,54,59,61,68,68
Karim Ansarifard,Olympiakos CFP,ST,73,76,75,29,38,40,66,75,73,54,52,77,58,58,50,79,79,72,41,69,69,73,70,78,74,66,63,53,61,71
Johnathan,Suwon Bluewings,ST,73,75,73,32,26,31,59,69,77,34,57,67,62,64,54,77,76,72,68,58,73,65,68,71,76,67,56,57,58,63
Kim Shin Wook,Jeonbuk Hyundai,ST,73,75,60,54,42,40,73,75,70,26,68,67,52,67,62,61,59,77,89,67,54,70,72,76,75,72,53,50,75,72
Ortuño,Cádiz C.F.,ST,73,68,73,20,15,18,38,69,77,29,59,61,49,58,41,63,69,60,74,59,59,62,67,74,79,59,71,53,70,72
Quique,UD Almería,ST,73,66,70,41,32,37,49,77,80,44,58,62,65,69,58,75,74,63,67,77,76,73,70,72,69,73,70,59,71,71
Moussa Maâzou,AC Ajaccio,ST,73,64,66,15,25,27,79,71,66,22,58,64,62,61,42,88,87,78,82,59,70,80,78,81,72,63,53,45,70,69
Welliton,Kayserispor,ST,73,70,72,18,28,21,74,70,74,29,65,72,50,57,47,76,81,67,69,67,79,72,76,75,73,65,66,57,77,64
Sone Aluko,Fulham,ST,73,74,79,39,35,36,34,69,68,31,71,71,68,73,60,90,86,72,57,83,84,56,42,72,70,70,74,76,71,66
Ignacio Scocco,Newell's,ST,73,76,77,22,27,30,73,72,74,33,71,72,65,69,66,78,77,67,64,79,75,70,51,79,71,77,81,73,69,79
David Rodríguez,AD Alcorcón,ST,73,69,68,36,21,25,53,69,74,32,58,59,67,58,42,80,81,80,74,63,75,77,67,80,75,72,57,54,78,68
Nicklas Bendtner,Rosenborg BK,ST,73,70,67,27,28,36,68,72,74,29,64,78,59,66,51,54,63,59,83,48,55,70,78,78,72,61,62,41,77,73
Cameron Jerome,Norwich,ST,73,66,69,34,32,42,76,68,71,55,67,69,51,65,53,77,85,77,80,65,75,82,72,80,73,70,66,64,70,66
Jorge Molina,Getafe CF,ST,73,72,56,30,19,32,76,74,82,41,69,73,49,61,44,33,33,71,91,34,39,54,82,83,77,66,55,59,80,74
Yoshito Okubo,FC Tokyo,ST,73,75,73,13,14,20,50,75,83,13,65,67,53,65,60,38,47,60,64,78,78,47,71,77,76,68,71,68,82,75
Santiago Silva,Uni. Católica,ST,73,68,65,28,39,36,72,72,73,44,64,75,52,65,57,55,54,30,89,52,55,79,77,80,73,71,64,64,75,67
Mounir El Hamdaoui,Al Taawoun,ST,73,75,74,25,27,29,31,70,74,28,64,65,60,70,65,68,65,65,75,60,70,71,70,75,71,69,80,69,75,72
Amath Ndiaye Diedhiou,CD Tenerife,ST,72,72,82,37,35,52,62,65,71,41,65,72,63,67,60,90,90,70,62,76,87,83,56,71,74,60,51,29,46,59
Tammy Abraham,Bristol City,ST,72,67,62,19,15,22,41,67,72,22,55,67,37,63,41,85,81,65,78,58,67,72,73,71,73,62,47,42,72,44
Walter Silvieiro,Figueirense,ST,72,67,63,30,28,38,59,61,75,51,61,66,60,65,51,73,71,66,59,61,64,75,70,76,77,72,68,61,76,74
Cristian Lodeira,Cruzeiro,ST,72,72,75,41,26,26,40,77,74,37,54,40,66,62,44,82,81,63,45,87,88,66,65,72,70,65,40,65,65,68
Santi da Bruma,Atl. Paranaense,ST,72,75,74,25,32,33,45,81,70,45,68,70,73,76,70,87,85,80,42,88,92,74,67,61,73,69,84,60,71,77
Óscar Estupiñán,Once Caldas,ST,72,68,69,16,20,21,35,51,75,18,43,70,40,48,47,80,70,75,85,70,65,87,80,70,76,60,56,60,63,65
Jordan Morris,Sounders FC,ST,72,65,63,25,26,23,79,69,71,28,53,61,52,64,52,84,88,77,77,73,79,78,67,78,72,60,45,53,71,61
Wout Weghorst,AZ,ST,72,73,60,23,26,23,71,64,73,34,52,59,30,60,31,46,63,80,85,51,55,77,81,77,77,55,36,37,65,63
Dario Rodríguez,Atlético Bucaramanga,ST,72,76,74,33,34,42,33,75,76,44,72,48,48,75,58,77,78,68,53,76,85,61,49,66,75,68,49,60,63,71
Matteo Mancosu,Montreal Impact,ST,72,71,69,14,18,20,62,70,75,20,62,64,54,62,49,84,78,74,73,72,69,73,62,74,74,62,59,50,68,70
Claudio Riaño,Necaxa,ST,72,71,70,19,15,16,44,68,68,16,66,58,57,67,63,79,79,70,74,74,75,58,77,73,69,67,55,34,70,73
Branimir Hrgota,Eint. Frankfurt,ST,72,72,76,25,17,28,45,67,69,17,61,60,56,65,53,78,68,66,62,63,72,68,60,75,80,76,76,53,59,71
Nabil Ghilas,Gaziantepspor,ST,72,72,71,28,26,25,78,66,71,42,60,80,60,68,50,69,75,42,83,59,59,66,66,78,71,63,66,52,78,79
Britt Assombalonga,Nott'm Forest,ST,72,69,67,36,32,36,55,73,74,48,59,71,59,57,48,85,83,64,80,78,70,73,62,70,74,65,71,46,65,62
Rafael Martins,V. Guimarães,ST,72,71,64,26,15,27,77,64,74,20,58,76,59,63,45,70,73,61,78,74,67,75,66,84,72,66,64,65,74,75
Deniz Yılmaz,Bursaspor,ST,72,68,73,22,19,37,75,64,74,36,64,66,57,60,55,73,72,73,72,69,67,72,70,79,72,70,67,53,73,72
Pablo Chavarría,Stade de Reims,ST,73,73,72,23,48,37,68,72,73,28,70,64,68,74,62,74,76,75,72,70,75,80,68,72,74,65,57,58,63,61
Diego Álvarez,La Equidad,ST,72,72,67,24,20,17,65,71,74,38,67,68,49,68,57,67,63,33,71,75,75,72,76,68,73,67,56,59,56,53
Bernard Parker,Kaizer Chiefs,ST,72,74,75,23,24,19,60,70,69,31,67,59,67,74,61,75,77,74,39,82,82,85,70,75,70,69,71,72,73,64
Guedes,Rio Ave,ST,72,68,65,29,31,32,69,74,74,25,69,69,57,65,44,74,79,65,66,66,76,74,71,75,73,61,51,49,83,76
Samuel Armenteros,Heracles Almelo,ST,72,70,77,25,23,36,43,71,74,31,66,74,63,65,48,72,67,67,75,72,69,71,65,73,71,65,55,42,68,75
Lasse Vibe,Brentford,ST,72,68,68,34,23,36,67,78,76,34,71,71,59,67,44,86,86,85,56,74,85,73,66,63,71,68,64,45,65,67
Mohammed Abdellaoue,Vålerenga Fotball,ST,72,69,67,38,23,35,52,73,78,42,68,79,63,64,48,69,71,57,71,69,72,75,68,72,70,64,50,57,75,69
Ima Faneva Andriatsima,FC Sochaux,ST,72,69,73,23,18,19,53,69,74,42,55,65,55,59,54,74,73,81,73,67,75,67,74,65,76,63,69,65,65,63
Nenê,La Spezia,ST,72,76,66,18,22,30,84,62,79,20,61,76,47,65,45,61,67,54,81,60,71,89,78,70,71,61,66,62,78,72
Ángel,Real Zaragoza,ST,72,75,74,14,20,23,62,73,71,26,60,57,56,64,49,79,79,66,61,76,83,76,65,69,76,63,49,50,69,65
Marcin Robak,Lech Poznań,ST,72,70,67,21,24,19,66,66,78,41,63,72,36,57,47,66,72,63,85,66,68,81,73,74,74,58,52,54,84,64
Hugo Vieira,Yokohama F. Marinos,ST,72,75,79,25,19,28,56,75,71,23,68,68,67,69,63,84,86,70,56,76,82,75,60,73,69,66,73,48,60,69
Edinho,V. Setúbal,ST,72,69,64,22,33,25,69,70,73,37,52,70,47,59,44,53,64,59,73,57,61,76,77,77,76,63,58,49,76,70
Marco Schneuwly,FC Luzern,ST,72,71,62,41,35,45,65,66,85,45,60,68,49,67,55,72,61,75,79,69,74,75,68,67,73,66,59,58,62,67
Darío Cvitanich,Banfield,ST,72,72,71,29,33,28,70,71,76,31,71,72,62,68,66,71,70,49,69,75,72,80,72,68,70,68,67,66,76,68
Manu Del Moral,CD Numancia,ST,72,74,72,35,25,35,28,59,71,28,66,59,74,67,67,71,67,40,71,55,68,65,59,80,79,71,69,59,80,59
Javi Guerra,Rayo Vallecano,ST,72,71,68,35,46,36,59,65,75,34,58,39,51,63,57,63,66,62,75,66,64,80,72,78,73,69,54,50,80,75
David Nugent,Derby County,ST,72,72,73,22,22,23,34,72,72,35,71,72,56,64,45,78,71,75,71,64,79,70,67,71,73,68,62,52,82,73
Túlio Sandoiro,Fluminense,ST,71,75,74,30,36,33,60,73,65,37,66,71,57,64,58,66,62,65,79,57,67,64,66,73,71,70,67,68,70,75
Carlos Muñoz,CA Talleres,ST,71,74,69,15,18,18,70,63,70,44,54,69,53,64,57,81,83,87,74,68,74,82,64,71,68,59,45,54,80,67
Josué da Feira,Grêmio,ST,71,77,68,23,20,23,49,59,69,22,50,43,60,65,61,70,68,65,53,65,63,70,69,73,75,76,65,58,67,76
Eltildo Bessa,Chapecoense,ST,71,75,73,28,29,25,42,82,77,26,65,79,40,61,43,86,85,70,32,88,93,64,61,62,71,63,76,64,59,75
Mamadou Sylla,KAS Eupen,ST,71,71,73,27,37,42,62,66,64,36,68,69,58,67,36,75,78,66,71,67,76,73,71,74,72,66,36,42,70,63
Famara Diedhiou,Angers SCO,ST,71,62,65,14,12,18,49,60,82,14,48,49,33,44,35,47,50,60,88,34,50,50,81,75,79,58,53,33,75,63
Luis Páez,Águilas Doradas,ST,71,68,70,29,27,30,56,69,72,25,57,73,42,54,44,69,68,70,71,60,74,70,68,74,73,66,38,63,76,68
Hwang Ui Jo,Seongnam FC,ST,71,68,65,28,32,39,62,71,72,41,51,51,51,64,57,74,77,74,71,64,76,70,75,70,68,68,62,63,66,61
Aaron Olanare,CSKA Moscow,ST,71,73,74,19,26,21,60,54,69,18,67,65,56,60,42,80,75,73,83,73,71,72,69,76,70,67,64,49,68,62
Sokol Cikalleshi,Akhisarspor,ST,71,63,64,22,23,32,47,66,70,30,62,55,57,58,60,69,70,70,78,39,41,53,73,74,75,68,56,47,55,63
Nicolas Verdier,KV Mechelen,ST,71,67,65,21,15,23,54,65,67,20,57,68,59,57,56,85,87,72,70,62,75,78,68,79,70,72,54,46,64,74
Gaëtan Courtet,AJ Auxerre,ST,71,69,69,19,16,21,56,71,70,34,60,56,68,70,45,70,71,71,68,76,71,77,71,69,72,65,52,70,61,61
Nahki Wells,Huddersfield,ST,71,71,70,25,35,48,67,68,74,56,66,70,63,63,43,85,83,83,59,80,81,73,62,67,70,68,67,65,61,66
Bekim Balaj,Terek Grozny,ST,71,69,63,12,16,21,56,69,72,12,52,62,50,53,41,66,69,74,77,51,59,67,82,74,70,56,29,52,56,66
Giulio Ebagua,Vicenza,ST,71,68,62,15,19,22,67,70,69,15,42,67,40,55,45,72,82,74,87,59,84,93,69,73,70,59,60,58,68,68
Diego Falcinelli,Crotone,ST,71,68,68,11,15,15,45,68,73,20,57,61,32,61,54,76,69,69,73,63,71,70,67,70,72,66,45,33,62,62
Fabian Klos,Arminia Bielefeld,ST,71,65,62,24,17,35,75,68,70,24,54,62,40,54,30,61,71,76,88,45,46,59,77,76,73,62,41,45,70,68
Baba Diawara,Adelaide United,ST,71,68,65,15,34,38,61,65,72,24,56,72,56,60,40,75,67,76,79,65,78,87,81,80,64,62,50,60,73,68
Kléber,Estoril Praia,ST,71,73,70,22,28,34,67,69,68,27,66,76,61,66,60,64,67,70,77,55,67,74,73,73,71,63,69,45,76,72
Aleksandar Prijović,PAOK,ST,71,73,72,32,29,33,63,64,73,31,55,67,45,61,55,72,70,75,80,51,54,60,70,67,74,63,52,43,55,53
Reza Ghoochannejhad,SC Heerenveen,ST,71,74,70,34,28,36,46,72,71,33,66,70,64,61,53,76,78,62,64,73,77,70,59,66,74,65,58,54,65,68
Aziz Bouhaddouz,FC St. Pauli,ST,71,63,63,13,14,13,78,69,72,33,44,72,49,63,32,62,68,65,86,58,57,70,72,73,74,66,57,55,74,73
Massimo Coda,Salerno,ST,71,70,64,17,16,17,48,69,73,26,37,53,39,65,39,66,63,56,71,61,60,34,70,70,77,70,55,60,65,60
Eduardo Herrera,Veracruz,ST,71,67,60,26,24,34,72,69,68,43,66,67,51,74,51,51,62,71,87,34,43,67,74,76,73,62,60,51,71,65
Rouwen Hennings,F. Düsseldorf,ST,71,66,65,30,34,33,64,71,73,33,59,58,59,61,56,72,74,85,75,68,63,72,65,76,74,67,64,66,67,67
Fabio Ceravolo,Benevento,ST,71,75,72,12,16,18,53,69,69,25,59,69,60,65,50,86,91,77,72,70,81,84,60,61,69,64,66,60,70,68
Carlos Luna,Tigre,ST,71,68,65,15,16,17,80,69,69,45,41,66,68,76,66,69,53,32,75,74,71,89,72,76,72,65,62,66,79,59
Emanuel Villa,Querétaro,ST,71,65,62,36,37,30,66,75,78,45,63,78,61,64,56,48,51,49,80,61,63,78,81,71,74,62,65,62,68,66
Daniele Corvia,Latina,ST,71,70,64,17,23,33,66,70,69,22,53,71,51,59,39,76,76,68,80,62,72,88,70,74,71,56,52,26,75,66
Ivica Olić,1860 München,ST,71,68,66,21,34,26,83,73,72,55,62,75,49,63,55,62,69,80,75,72,70,69,68,80,69,73,62,63,73,75
Roman Pavlyuchenko,FC Ural,ST,71,71,61,21,32,33,53,69,73,13,64,75,66,72,65,44,53,68,76,50,65,61,75,75,71,75,71,73,77,73
Daniele Cacia,Borgocalcio,ST,71,72,61,13,15,14,36,71,75,15,52,70,38,61,34,74,67,65,71,60,72,90,72,72,74,51,60,48,75,70
Emanuel Dening,San Juan,ST,70,62,77,14,16,13,62,77,76,15,67,58,32,58,47,70,77,59,44,78,75,68,50,66,81,68,42,39,65,55
Sevinho Santos,Sport,ST,70,71,72,31,31,31,41,72,77,31,54,61,58,52,50,61,66,54,71,61,65,72,72,68,66,67,68,56,57,60
Borja Lázaro,SD Huesca,ST,70,66,60,17,20,38,67,64,78,15,49,62,42,52,33,51,52,57,87,47,43,63,82,73,69,56,51,35,70,77
Roberto,Moreirense,ST,70,69,67,21,21,21,62,75,71,16,54,64,46,62,43,68,74,64,67,69,70,81,77,72,64,62,47,38,68,70
Filip Raičević,Bari,ST,70,70,55,18,24,21,49,61,71,25,50,62,25,60,49,64,65,64,74,61,62,74,76,73,74,66,43,25,49,68
Ángel Zaldívar,Guadalajara,ST,70,71,72,37,47,43,43,59,67,35,58,49,62,64,60,79,81,73,76,69,76,66,69,70,69,64,65,45,73,62
Pylyp Budkivskyi,Anzhi Makhachkala,ST,70,68,67,24,17,26,54,59,69,22,43,58,32,59,45,67,73,73,70,44,63,62,76,74,71,62,63,31,63,65
Brandon Thomas,RCD Mallorca,ST,70,69,74,35,27,26,39,73,76,42,67,65,58,56,55,77,75,74,59,90,87,74,55,68,73,65,63,54,69,63
Jamie Maclaren,Brisbane Roar,ST,70,67,67,35,25,29,68,65,74,41,63,68,57,63,57,84,85,74,69,78,85,75,60,66,71,60,66,54,67,63
Neal Maupay,Stade Brestois,ST,70,68,74,29,33,34,39,70,75,26,62,48,63,64,57,84,79,58,58,79,84,60,57,69,72,53,61,55,67,59
Kenan Kodro,CA Osasuna,ST,70,66,71,15,37,41,69,66,71,32,65,53,64,63,59,57,68,68,77,56,58,64,73,73,70,59,44,34,60,66
Martin Pušić,Sparta R'dam,ST,70,67,61,22,28,39,79,64,68,42,55,67,54,62,55,66,71,77,75,71,67,73,70,76,72,67,63,62,62,70
Rafael Lopes,Chaves,ST,70,64,60,18,18,19,75,68,74,25,51,67,48,53,36,67,54,80,77,65,64,72,69,78,75,57,41,34,70,67
Zinho Gano,Waasl. Beveren,ST,70,72,65,18,16,29,58,67,65,28,52,65,53,57,37,62,69,69,87,32,52,67,74,72,67,65,46,48,59,61
Lee Jong Ho,Ulsan Hyundai,ST,70,69,65,33,32,38,68,69,71,56,67,60,52,62,63,71,71,67,73,76,71,76,70,68,70,66,58,56,64,63
Esmael,Hearts,ST,70,71,70,15,16,19,55,67,64,24,57,70,59,64,54,68,77,71,85,62,70,62,69,69,71,60,61,50,53,60
Sven Schipplock,SV Darmstadt,ST,70,69,68,27,25,24,81,70,68,42,58,65,62,66,40,67,71,78,81,56,63,74,71,76,66,61,53,47,59,70
Rodri,Córdoba CF,ST,70,77,65,16,11,15,74,66,71,26,60,58,56,54,46,82,78,60,69,77,87,86,58,80,67,57,59,49,60,77
Danny Ward,Rotherham Utd,ST,70,65,66,36,32,33,54,64,69,23,63,63,63,62,61,77,78,75,76,68,72,89,66,75,69,67,60,63,64,63
Andreas Weimann,Wolves,ST,70,70,73,29,34,37,76,73,70,43,59,61,48,68,40,84,84,78,62,58,73,45,68,78,68,69,68,64,75,59
Sebastian Polter,Union Berlin,ST,70,66,65,15,13,38,79,68,70,24,50,69,52,54,48,68,76,72,86,58,57,68,71,75,70,60,45,47,58,62
Deni Alar,SK Sturm Graz,ST,70,72,66,30,23,28,57,72,76,32,67,57,56,59,58,76,72,73,66,67,70,80,60,71,69,63,65,63,64,63
Bengali-Fodé Koita,Kasimpaşa,ST,70,71,73,12,19,15,28,68,69,27,57,57,66,65,54,78,78,68,82,45,69,62,66,63,66,58,34,42,61,53
Dinei,Shonan Bellmare,ST,70,72,67,25,22,47,34,70,69,28,52,66,40,58,45,55,47,64,76,52,68,75,76,74,70,69,60,52,73,68
Adam Rooney,Aberdeen,ST,70,64,65,24,21,23,61,65,70,18,55,63,47,63,49,62,65,67,80,67,65,70,72,75,70,64,45,43,80,64
Marcus Pedersen,Strømsgodset IF,ST,70,64,61,31,32,38,76,60,74,36,56,67,57,55,32,75,70,66,83,68,71,74,69,75,70,71,66,59,71,71
Tomané,Arouca,ST,70,68,50,15,17,18,78,71,72,22,24,67,42,62,40,66,74,78,75,70,62,67,74,75,70,54,54,24,53,56
Tom De Sutter,Sport. Lokeren,ST,70,68,63,33,29,41,69,61,67,37,73,64,54,70,54,47,58,68,90,32,34,59,78,75,70,71,57,54,68,73
Máyor,CF Reus Deportiu,ST,71,63,52,32,20,33,81,82,79,45,73,76,51,67,34,52,53,71,86,45,48,61,73,79,69,51,63,45,64,60
Claudio Bieler,Belgrano,ST,70,71,66,35,23,32,70,56,73,20,56,69,56,56,38,76,70,59,70,73,77,71,70,70,72,68,62,52,77,66
Yann Kermorgant,Reading,ST,70,69,59,46,36,41,72,70,67,28,70,66,59,64,62,53,43,45,82,58,50,90,79,77,70,68,58,73,71,73
Yang Dong Hyen,Pohang Steelers,ST,70,67,63,26,21,22,33,68,74,24,58,55,58,57,45,47,62,70,83,76,74,74,75,64,74,63,42,46,66,62
Pablo Ignacio Calandria,CD O'Higgins,ST,70,65,66,37,34,39,54,63,70,28,60,61,61,61,54,50,50,63,76,65,61,82,75,71,77,73,58,58,77,66
Nino,Elche CF,ST,70,68,59,37,37,42,60,84,84,49,65,83,59,60,49,63,59,75,59,80,72,72,49,63,79,70,65,55,71,59
Morten Rasmussen,Aarhus GF,ST,70,64,56,23,20,27,73,74,81,16,68,69,35,48,38,53,65,70,80,53,39,73,74,75,71,63,46,31,72,61
Landry Dimata,KV Oostende,ST,69,71,73,16,18,24,48,67,63,16,56,65,51,56,36,83,80,73,78,59,73,65,68,66,67,53,38,42,60,54
Edis Ibargüen,Patriotas,ST,69,67,76,18,17,22,54,62,67,19,55,65,61,59,43,70,78,84,81,50,65,68,74,62,69,51,49,21,57,57
Obbi Oularé,Willem II,ST,69,63,64,23,20,21,59,65,64,22,64,61,54,66,40,68,78,34,91,31,53,81,72,74,69,50,40,29,61,57
Felipe Nicolás Avenatti,Terni,ST,69,70,61,12,13,13,44,63,69,16,49,61,30,55,36,58,66,67,92,33,34,80,74,70,67,58,44,30,62,57
Nicolás Canales,Deportes Temuco,ST,69,70,64,13,19,20,56,64,70,21,57,69,31,53,42,73,70,74,79,81,72,71,73,63,73,59,35,42,67,47
Stefan Kutschke,Dynamo Dresden,ST,69,59,57,22,26,47,81,65,72,20,50,73,38,51,34,53,55,69,87,36,46,49,76,78,71,66,37,29,70,60
Álvaro Ramos,Depor. Iquique,ST,69,73,69,41,21,33,42,67,65,33,57,61,52,60,46,91,88,67,69,84,89,65,56,66,68,56,45,51,61,52
César Arias,Al. Petrolera,ST,69,70,67,24,19,23,51,68,68,19,45,65,43,58,54,76,75,70,62,71,68,74,71,66,70,68,67,67,69,66
Robin Šimović,Nagoya,ST,69,67,59,16,13,11,53,57,68,18,58,60,44,63,49,63,66,42,90,32,48,31,72,74,71,55,58,59,61,61
Mauro Caballero,CD Palestino,ST,69,66,65,17,18,21,36,69,71,21,57,58,59,60,47,76,75,56,47,82,70,90,75,67,70,56,51,40,70,61
Fernando Aristeguieta,Nacional,ST,69,68,61,30,40,43,72,59,69,30,46,57,46,60,49,52,55,78,85,51,66,80,79,68,72,65,63,49,67,70
Olarenwaju Kayode,Austria Wien,ST,69,74,73,32,33,38,61,55,73,24,51,51,52,60,57,90,93,64,43,78,87,71,63,67,70,62,52,42,65,61
Adam Frączczak,Pogoń Szczecin,ST,69,63,63,62,65,67,83,68,69,65,69,70,72,64,63,77,83,90,75,71,75,80,71,65,67,62,64,63,70,57
Nathan Júnior,Al Fateh,ST,69,69,66,30,27,32,55,67,65,24,63,50,53,59,55,77,77,71,73,64,70,63,64,68,70,60,43,46,61,62
Anastasios Karamanos,F. Santa Maria,ST,69,60,58,29,31,34,59,71,69,13,51,65,42,53,36,64,67,72,76,63,67,71,66,77,73,64,62,45,63,65
Alhassan Kamara,BK Häcken,ST,69,65,60,16,14,19,81,60,71,19,50,67,34,53,36,82,82,56,86,77,68,81,54,78,69,63,50,37,72,61
Mikael Ishak,1. FC Nürnberg,ST,69,70,66,31,54,46,55,56,69,30,54,46,62,54,36,69,69,58,83,64,72,81,67,76,69,64,37,30,63,56
Kenneth Zohore,Cardiff City,ST,69,66,63,17,11,18,51,62,67,47,47,67,35,53,34,66,75,55,79,34,54,34,71,76,69,59,37,58,45,57
Jona,UCAM Murcia,ST,69,63,59,21,18,27,54,64,69,35,66,41,39,64,43,69,72,60,72,57,69,81,70,68,71,60,48,49,68,76
Jacques Zoua,Kaiserslautern,ST,69,66,67,30,25,32,71,65,66,41,57,60,53,69,63,79,76,70,82,55,66,72,64,71,69,59,58,43,51,50
Peniel Mlapa,VfL Bochum,ST,69,57,65,17,25,27,78,66,65,34,60,62,58,59,57,71,82,64,86,44,62,74,65,75,69,65,70,45,64,62
Petar Skuletic,Lokomotiv Moscow,ST,69,64,48,11,12,13,60,55,74,28,41,64,41,58,31,63,71,60,78,43,34,65,79,69,74,73,52,32,70,51
Maurice Dalé,AS Nancy,ST,69,70,66,15,11,11,44,72,69,13,47,42,54,63,48,64,65,71,72,55,71,69,64,69,68,62,50,45,65,61
Jacek Kiełb,Korona Kielce,ST,69,66,70,22,35,35,64,65,63,38,42,68,67,65,65,85,85,82,62,63,79,73,53,70,70,71,54,62,42,59
Ismaël Bangoura,Al Raed,ST,69,67,63,25,29,16,60,69,62,22,54,65,48,63,47,62,68,66,66,71,70,73,70,74,74,67,61,52,73,77
Olivier Occéan,Odds BK,ST,69,63,58,23,25,34,71,66,68,40,60,68,58,66,34,57,70,75,90,65,60,84,74,77,66,63,53,41,70,61
Giorgi Kvilitaia,SK Rapid Wien,ST,68,67,74,31,28,25,59,56,67,25,54,58,49,55,52,82,81,64,74,72,76,74,73,61,67,62,62,33,64,51
Silvère Ganvoula,KVC Westerlo,ST,68,68,65,16,18,21,63,59,61,21,55,63,36,61,23,66,68,68,88,59,63,76,69,69,68,64,51,31,60,60
Pascal Köpke,Erzgebirge Aue,ST,68,65,67,16,18,18,45,62,63,23,48,49,51,60,49,83,73,74,62,82,77,77,66,75,67,64,57,39,68,65
Patrick Eze,Al Qadisiyah,ST,68,65,62,20,18,21,62,64,61,15,44,60,43,54,40,79,81,79,80,64,85,72,64,75,69,68,46,40,67,62
Patrick Mullins,D.C. United,ST,68,69,61,15,12,15,64,62,71,24,50,65,34,48,27,65,68,65,74,55,52,73,67,76,68,62,53,35,62,42
Raúl Becerra,CD Everton,ST,68,63,66,27,22,30,29,59,67,17,50,54,44,47,33,62,63,60,75,49,57,43,75,71,74,65,41,36,66,57
Luciano Vázquez,Temperley,ST,68,65,63,14,20,15,51,63,69,20,58,64,34,62,50,53,64,67,81,55,67,74,71,66,74,61,56,34,67,46
Mokhtar Falatah,Al Wehda,ST,68,60,57,27,20,22,41,71,70,26,55,69,55,54,48,76,83,83,62,72,79,90,73,65,70,56,36,26,71,60
Elia Soriano,Würzburger Kickers,ST,68,62,65,26,19,21,58,63,72,23,43,67,48,57,51,71,76,73,77,78,68,74,69,69,68,55,59,45,61,64
Roman Buess,FC St. Gallen,ST,68,67,61,49,39,54,61,71,74,47,69,60,62,66,61,81,83,71,71,70,72,61,52,72,63,64,64,50,58,49
Tokelo Rantie,Gençlerbirliği,ST,67,68,72,22,23,19,62,65,65,22,63,67,55,63,53,88,92,75,61,88,94,71,57,64,64,60,63,48,57,60
Ahmed Akaichi,Al Ittihad,ST,68,68,71,18,19,20,52,59,64,22,46,68,43,56,31,65,73,75,74,56,70,67,65,73,67,63,70,49,61,61
C.J. Sapong,Philadelphia,ST,68,64,64,24,36,46,82,62,68,32,59,66,51,63,50,78,76,72,79,65,71,83,72,70,65,49,50,46,47,63
Erick Torres,Houston Dynamo,ST,68,63,65,21,26,38,70,72,67,36,58,65,65,63,66,75,69,74,69,74,84,68,68,70,65,65,67,41,70,71
Lakdar Boussaha,Bourg-Péronnas,ST,68,59,67,18,23,18,75,70,61,24,54,42,56,51,50,79,84,74,68,77,86,70,66,73,71,70,50,49,70,64
Martin Nešpor,Zagłębie Lubin,ST,68,60,63,31,35,38,82,65,63,22,41,41,38,51,42,77,74,64,77,76,75,85,72,66,71,63,44,45,53,62
Dani Schahin,Roda JC,ST,68,66,63,27,30,37,64,65,69,38,48,59,54,59,42,59,65,67,78,52,65,77,71,70,67,59,57,42,72,66
Kieran Agard,MK Dons,ST,68,61,64,48,22,30,60,70,69,46,54,55,60,60,54,83,86,76,70,75,85,81,62,65,65,60,40,31,68,61
Dragan Mrđja,Omiya Ardija,ST,68,66,60,24,11,13,64,76,63,23,60,65,46,65,31,49,44,74,84,53,68,62,78,69,67,65,51,40,77,62
Pablo Lugüercio,Mar del Plata,ST,68,66,66,34,33,36,75,71,67,34,66,64,59,62,58,78,91,67,62,74,78,64,64,69,61,63,43,46,67,60
Kenny Miller,Rangers,ST,68,63,68,15,22,23,65,66,68,32,59,81,57,66,47,72,70,74,58,72,68,74,59,71,70,69,64,52,65,68
Claudio Silbeiro,Santos,ST,67,63,68,42,48,38,66,62,68,44,53,58,41,53,49,72,76,75,56,61,71,73,66,64,72,67,47,48,55,72
Vladislavs Gutkovskis,Termalica,ST,67,66,63,18,17,11,38,57,68,26,55,61,32,69,52,78,69,61,73,57,62,69,66,62,68,57,38,32,67,53
Masato Kudo,Sanfrecce Hiroshima,ST,67,66,64,18,19,20,59,65,67,18,58,64,53,60,46,76,77,73,61,68,69,59,64,68,63,63,39,37,69,57
Rey Manaj,Pisa,ST,67,69,63,18,21,14,43,68,69,12,49,53,41,57,39,66,67,59,74,78,54,64,64,66,65,50,42,57,66,62
Marcundo Rochela,Internacional,ST,67,58,51,44,42,45,42,64,74,41,55,66,54,61,50,57,61,58,73,38,60,61,77,67,71,58,55,46,62,63
Javier Parraguez,Wanderers,ST,67,62,65,25,21,17,40,57,67,21,47,59,47,57,38,55,60,72,87,55,56,85,71,67,70,62,34,31,63,59
Aboubakar Kamara,Amiens SC,ST,67,66,64,22,21,23,68,59,72,13,50,57,33,59,42,75,79,65,76,69,64,66,67,59,65,55,45,43,72,52
Krzysztof Piątek,Cracovia,ST,67,66,62,17,21,14,33,54,74,17,51,62,51,60,35,73,75,75,73,70,71,74,64,70,65,65,47,40,64,43
Lorenzo Rosseti,FC Lugano,ST,67,68,65,19,30,28,60,66,68,26,62,64,58,64,59,65,65,73,71,67,59,74,67,69,63,60,60,61,62,69
Joo Min Kyu,Sangju Sangmu,ST,67,58,57,50,39,58,58,59,71,61,55,66,33,64,54,69,68,73,74,58,68,70,63,68,71,55,35,32,43,68
Adama Niane,ES Troyes AC,ST,67,61,64,14,15,14,35,54,75,12,50,45,33,43,32,77,74,58,76,66,70,77,73,59,74,50,43,32,63,39
Iván Bulos,Boavista,ST,67,61,61,20,22,23,52,50,69,24,39,53,52,56,47,63,68,65,88,53,65,70,74,67,69,58,47,47,55,59
Gonzalo Barreto,Uni. Concepción,ST,67,67,65,18,16,30,48,72,79,31,55,69,32,48,32,67,69,73,62,83,76,71,45,57,78,62,47,49,43,62
Kamil Biliński,Śląsk Wrocław,ST,67,60,62,14,22,19,54,72,70,15,52,56,53,60,57,70,65,72,68,72,65,71,66,70,67,62,54,55,68,62
Samuel Di Carmine,Perugia,ST,67,65,61,19,17,21,45,61,70,42,49,67,29,51,31,73,63,62,85,57,73,56,69,67,68,54,63,58,60,60
Christy Fagan,St. Pats,ST,67,65,61,18,18,19,56,51,67,23,57,55,34,61,52,73,72,75,74,70,76,65,69,63,71,57,52,53,65,56
Ande Dona Ndoh,Cham. Niortais,ST,67,66,62,11,13,16,48,64,72,15,53,58,49,60,56,67,65,68,74,65,57,64,74,63,63,62,51,52,60,58
Ian Henderson,Rochdale,ST,67,70,70,20,28,31,63,65,71,33,71,74,61,62,58,65,67,68,69,75,74,65,50,63,69,65,60,66,73,61
Mircea Axente,Al Faisaly,ST,66,59,62,19,18,19,56,52,69,19,59,65,39,61,47,79,66,67,64,68,68,74,69,75,65,59,66,45,67,55
Heliardo,Tondela,ST,66,58,54,13,18,12,40,70,70,19,45,69,43,56,40,60,55,62,81,40,57,51,72,67,69,53,43,26,63,60
Christoph Monschein,Admira Wacker,ST,66,65,56,12,15,12,32,59,65,10,59,54,28,48,28,77,82,67,62,68,70,65,57,66,74,54,50,32,61,58
Hiroaki Okuno,Vegalta Sendai,ST,66,66,65,25,27,20,26,67,67,15,64,52,70,68,67,62,60,56,58,78,56,48,39,45,55,35,37,32,53,36
Heo Young Joon,Jeonnam Dragons,ST,66,64,61,22,24,26,53,65,70,26,54,47,55,63,58,70,65,61,62,67,67,57,61,62,68,59,51,44,57,53
Joia Nuno Da Costa,Valenciennes FC,ST,66,66,64,19,20,17,33,58,64,17,56,48,29,58,36,73,69,65,68,61,61,58,66,62,68,60,49,29,69,57
Fitim Azemi,FK Bodø/Glimt,ST,66,64,64,39,41,39,56,64,63,51,51,67,55,56,51,77,80,71,66,70,70,81,62,68,65,58,58,49,60,55
Stefan Mugoša,Karlsruher SC,ST,66,60,54,12,19,22,45,67,69,18,54,61,32,53,40,64,72,64,71,56,61,66,69,75,63,56,40,44,62,59
Bartosz Śpiączka,Górnik Łęczna,ST,66,64,62,16,34,39,75,51,65,19,50,46,33,63,51,86,87,66,60,64,83,62,59,64,67,60,58,31,61,60
Alfredo Morelos,HJK Helsinki,ST,66,61,58,18,13,15,50,56,67,16,40,48,41,57,43,72,79,63,81,71,48,67,63,70,65,60,31,26,63,33
Sam Hendriks,Go Ahead Eagles,ST,66,64,66,21,19,18,33,64,66,19,53,62,59,56,37,66,70,63,64,62,66,73,65,70,67,54,45,39,63,59
Carlos Escobar,San Luis,ST,66,64,57,20,20,23,50,62,67,28,43,61,29,59,58,67,64,85,74,55,63,87,72,64,67,58,58,59,63,63
Mikael Uhre,SønderjyskE,ST,66,62,64,16,29,38,69,67,59,17,58,61,42,52,35,81,83,58,73,63,66,64,59,69,64,61,63,32,51,58
Khaled Ayari,US Orléans,ST,66,62,62,18,11,12,33,58,65,11,59,39,42,51,33,71,69,64,66,75,72,53,60,70,73,64,51,43,71,70
Nicolai Brock-Madsen,PEC Zwolle,ST,66,62,60,25,25,40,65,57,63,24,53,48,32,59,41,62,68,79,86,50,57,65,69,67,68,59,42,22,49,46
Pa Dibba,Hammarby IF,ST,66,61,65,20,22,27,57,67,69,25,60,57,44,58,47,87,86,75,58,76,87,72,54,63,63,57,49,32,58,60
Pedro Martín,CD Mirandés,ST,66,64,70,15,35,49,70,61,65,51,66,49,59,65,53,72,80,68,65,59,75,58,57,70,66,57,60,54,66,57
Jose Villarreal,LA Galaxy,ST,66,68,71,42,39,34,61,65,65,40,65,69,58,61,57,79,74,68,55,85,90,78,57,70,60,71,76,69,62,61
Franck Boli,Stabæk Fotball,ST,66,62,67,12,17,19,49,57,63,14,50,66,36,47,43,78,77,65,79,80,70,71,66,69,66,59,49,37,64,47
Cheick Diarra,Tours FC,ST,66,63,66,20,25,24,62,60,63,41,49,56,53,55,43,80,81,68,71,74,83,71,59,69,62,66,59,61,63,68
Mike van Duinen,Excelsior,ST,66,62,65,38,40,45,63,62,69,40,55,68,49,55,55,76,75,82,71,57,67,59,64,67,63,63,49,40,56,62
James Collins,Crawley Town,ST,66,61,63,15,18,19,64,64,62,32,46,63,35,46,49,70,73,81,82,54,70,83,68,66,67,62,61,61,64,62
Mana Dembélé,Stade Lavallois,ST,66,64,63,13,13,12,37,71,69,11,49,35,59,56,51,81,81,60,58,72,78,73,53,67,62,60,57,65,60,68
Dalibor Veselinović,Incheon United,ST,66,64,62,14,13,26,68,66,67,24,62,71,47,65,38,33,36,67,90,30,35,32,79,70,65,62,47,49,68,67
Guyon Fernandez,ADO Den Haag,ST,66,64,67,24,33,38,71,61,66,25,49,53,58,62,48,74,77,58,70,65,66,76,52,70,64,60,57,63,67,60
Stefan Maierhofer,SV Mattersburg,ST,66,43,45,45,39,49,88,70,76,48,33,65,43,44,34,33,38,68,93,20,24,34,84,78,68,63,46,55,65,62
Brendon Santalab,WS Wanderers,ST,66,61,62,17,22,37,91,60,68,46,42,69,44,54,35,69,66,55,71,77,64,82,50,77,72,68,68,40,60,69
Marc Gual,Sevilla Atlét.,ST,65,64,61,12,15,14,35,59,68,11,42,55,43,54,45,65,72,58,55,58,55,67,59,63,68,65,50,51,55,64
Anzor Sanaia,FC Orenburg,ST,65,59,58,25,23,27,66,54,63,23,54,46,27,48,27,63,75,67,81,50,55,64,75,69,64,59,36,32,63,56
Mohamed Benyettou,Al Shabab,ST,65,62,61,16,11,12,59,56,68,12,44,50,46,54,37,71,79,64,80,63,65,71,59,64,67,56,43,52,63,52
Jeppe Kjær,Lyngby BK,ST,65,65,66,18,21,14,34,58,66,16,51,51,49,59,54,84,81,66,64,80,77,77,51,60,64,58,56,41,56,63
Mamadou Thiam,Clermont Foot,ST,65,65,67,48,51,53,54,61,64,50,48,42,41,56,45,74,76,56,82,72,75,62,56,62,62,59,46,36,63,57
Misael Riascos,Boyacá Chicó,ST,65,60,66,26,23,34,51,55,63,20,55,53,58,61,49,85,86,64,65,72,72,74,59,62,66,59,48,31,55,58
Fedor Černych,Jagiellonia,ST,65,65,64,20,13,13,35,63,67,14,59,59,59,61,53,76,74,84,59,65,65,75,57,61,65,59,47,40,58,57
Alhassane Keita,Marítimo,ST,65,65,63,15,20,16,45,65,68,14,47,63,39,46,28,71,68,67,78,65,64,68,57,64,64,62,36,37,55,43
Kris Doolan,Partick Thistle,ST,65,65,64,17,12,34,33,60,65,11,52,55,34,52,33,71,70,71,74,68,67,68,64,65,65,57,31,31,64,46
Bartosz Szeliga,Piast Gliwice,ST,65,67,65,59,51,62,61,49,64,50,53,44,63,62,57,84,85,76,75,73,72,53,47,58,67,64,49,42,50,61
Cauley Woodrow,Burton Albion,ST,65,65,60,23,20,22,40,64,62,24,58,67,38,62,33,75,76,67,71,63,58,65,62,64,63,55,46,38,65,61
Jakob Orlov,SK Brann,ST,65,61,59,24,23,20,61,69,69,25,65,70,40,61,48,58,71,71,72,59,62,71,64,65,63,53,41,45,60,54
Jordan Bowery,Crewe Alexandra,ST,65,60,63,21,26,25,45,57,60,19,39,49,54,58,45,77,81,68,78,56,81,67,63,65,63,59,30,31,56,50
Simeon Jackson,Walsall,ST,65,63,63,18,25,26,50,62,63,33,58,56,45,54,38,82,79,74,63,79,77,77,64,62,61,60,53,39,68,62
Igor Shevchenko,Arsenal Tula,ST,65,66,68,43,32,26,66,60,63,38,64,65,37,51,50,70,70,71,74,66,71,69,67,70,60,62,54,53,57,58
Omar Bogle,Wigan Athletic,ST,64,59,64,23,23,27,47,56,65,32,53,57,39,56,34,70,69,63,73,55,61,61,62,61,65,63,54,48,60,58
Mauro Albertengo,Rafaela,ST,64,58,60,18,21,25,57,59,68,17,47,60,28,43,39,61,63,60,78,58,59,65,69,61,65,60,49,26,60,62
José Kanté,Wisła Płock,ST,64,71,68,25,18,17,32,64,68,17,64,63,53,61,60,67,65,56,60,76,76,76,62,56,59,58,61,34,66,51
Jarosław Niezgoda,Ruch Chorzów,ST,64,60,61,18,16,16,41,58,63,21,56,61,28,55,31,79,77,72,66,63,70,61,57,64,66,49,34,33,68,45
Dominique Badji,Colorado Rapids,ST,64,63,61,22,18,20,58,64,62,19,47,59,23,55,24,77,79,68,73,61,59,66,70,54,64,44,31,29,56,44
Bryan Carvallo,CD Antofagasta,ST,64,67,68,24,21,22,37,58,55,30,65,49,51,62,60,72,71,65,43,79,76,54,36,62,55,57,40,54,45,38
Uche Ikpeazu,Cambridge Utd,ST,64,62,64,27,19,24,62,47,67,22,61,61,32,55,49,68,77,60,91,55,59,68,66,59,62,43,31,31,58,50
Marcus Ingvartsen,FC Nordsjælland,ST,64,64,60,17,24,30,40,55,65,24,52,61,61,54,50,69,68,67,67,71,71,56,56,63,69,46,48,45,63,58
Ebere Paul Onuachu,FC Midtjylland,ST,64,67,69,27,36,46,62,66,68,41,66,67,38,64,59,66,76,74,78,43,61,42,69,39,62,46,45,30,60,40
Sean Maguire,Cork City,ST,64,59,61,12,12,11,43,55,63,14,55,54,32,55,40,91,79,72,64,81,75,64,57,64,68,51,36,33,66,53
Santiago Tréllez,Deportivo Pasto,ST,64,68,63,23,21,24,75,71,73,30,63,69,53,51,45,72,70,71,75,52,65,55,69,65,64,69,59,58,65,66
Rafael Silva,Urawa Diamonds,ST,64,73,70,27,46,20,46,55,55,25,72,65,53,54,61,70,66,72,70,67,70,52,49,63,68,55,55,47,53,53
Billy Kee,Accrington,ST,64,59,53,26,21,23,77,65,67,19,58,63,48,56,53,54,61,74,80,82,73,73,67,66,65,60,45,55,62,55
Eoin Doyle,Portsmouth,ST,64,63,64,19,15,12,49,60,64,23,57,63,56,60,47,75,72,91,57,71,75,71,58,62,66,63,60,57,66,64
John Akinde,Barnet,ST,64,55,53,41,24,26,68,66,67,21,57,64,44,43,36,81,81,79,90,52,47,70,57,63,63,49,57,34,74,56
Matt Green,Mansfield Town,ST,64,58,61,17,19,21,55,61,63,24,55,58,39,50,45,88,89,78,70,69,73,60,54,65,64,59,51,46,65,57
Bruce Djité,Suwon FC,ST,64,60,57,31,26,24,66,63,70,34,43,65,54,55,50,60,53,75,76,58,60,63,63,69,65,58,49,54,62,55
Adebayo Akinfenwa,Wycombe,ST,64,69,54,33,24,40,63,61,68,17,62,70,39,56,47,41,49,63,98,70,29,50,69,60,64,51,50,42,66,59
Aleksandr Kokko,Newcastle Jets,ST,63,65,59,21,23,15,46,54,65,20,58,74,34,46,38,60,63,59,73,68,78,67,64,62,64,63,31,45,62,50
Patrick Pedersen,Viking FK,ST,63,58,56,14,16,14,43,60,66,15,60,63,35,59,48,64,65,60,61,70,57,73,62,64,64,61,44,28,64,58
Nicolás Mazzola,G. La Plata,ST,63,63,54,20,21,23,59,55,66,23,43,46,31,45,35,55,52,62,81,53,57,59,61,72,65,53,40,28,60,60
Javier Correa,Godoy Cruz,ST,63,58,56,20,20,19,53,49,65,25,48,54,34,46,38,61,65,57,80,49,59,73,67,70,64,57,31,25,54,49
Song Seung Min,GwangJu FC,ST,63,64,64,42,44,46,70,64,64,51,62,54,59,58,55,72,70,69,73,63,68,62,64,62,62,55,54,58,65,53
Diego Mendoza,Parque Patricios,ST,63,63,63,21,17,38,30,57,56,13,55,65,41,62,55,61,67,63,80,51,62,63,61,63,64,63,52,35,60,47
Jaime Grondona,CD Cobresal,ST,63,61,54,15,15,17,51,57,66,12,53,58,37,43,42,69,69,71,70,55,69,70,63,64,65,60,61,44,60,59
Luis Solignac,Chicago Fire,ST,63,65,62,23,16,35,64,56,62,19,55,53,35,57,34,72,65,69,74,60,56,72,65,57,62,58,45,41,31,61
Orhan Ademi,SV Ried,ST,63,60,58,19,26,20,71,62,60,23,50,58,40,55,41,66,67,63,82,52,55,60,65,68,60,55,47,46,55,51
David McMillan,Dundalk,ST,63,61,58,18,18,19,59,58,61,19,53,56,32,56,40,73,72,65,59,63,69,72,62,62,65,52,53,41,70,58
Tom Eaves,Yeovil Town,ST,63,64,59,28,31,42,51,48,62,20,35,63,28,46,41,52,53,72,86,34,56,59,68,72,61,60,32,29,66,61
Shane Smeltz,Well. Phoenix,ST,63,59,58,24,20,22,64,64,63,33,58,64,46,47,36,54,59,51,73,61,60,72,67,63,65,64,61,54,76,59
Roy O'Donovan,Central Coast,ST,63,58,62,20,18,17,81,65,57,26,57,62,51,56,45,84,80,70,57,90,83,82,53,63,66,60,52,35,61,66
Rory Patterson,Derry City,ST,63,63,55,22,20,22,47,54,61,26,57,56,43,44,48,63,70,71,73,81,66,53,63,67,66,62,57,59,68,57
Lonsana Doumbouya,SKN St. Pölten,ST,62,57,54,21,17,20,62,51,59,22,43,48,31,45,31,51,64,61,83,39,52,69,74,61,68,57,30,24,55,56
Kengo Kawamata,Iwata,ST,62,62,57,20,36,32,67,49,62,20,45,60,32,51,34,61,62,73,79,55,65,72,68,58,66,54,31,32,60,52
Feiver Mercado,Cortuluá,ST,62,62,58,17,11,14,31,63,67,15,47,57,28,52,34,66,58,51,62,72,58,69,60,54,65,55,35,34,61,53
Yasmani Duk,Al-Ettifaq,ST,62,62,61,11,17,16,27,49,65,11,44,45,29,45,28,59,61,80,61,54,56,60,66,54,71,60,37,28,64,45
Victor Sköld,Örebro SK,ST,62,58,55,16,18,20,45,61,67,31,53,54,40,53,41,64,63,76,65,64,60,71,57,64,60,53,43,34,61,59
Jesús Arrieta,Jaguares,ST,62,59,57,24,26,25,52,65,63,20,44,48,23,48,24,65,63,71,73,59,58,55,58,58,63,50,32,25,54,49
Héctor Cuevas,Junín,ST,62,55,53,24,20,21,47,71,68,17,45,42,27,43,22,46,56,55,78,58,54,72,66,56,66,51,31,29,61,51
Paweł Abbott,Arka Gdynia,ST,62,60,55,21,32,29,63,52,46,21,53,61,49,61,53,50,53,61,92,51,56,51,74,68,66,61,57,52,70,50
Michael Gómez,Envigado,ST,61,55,58,12,19,17,32,62,64,19,46,48,31,52,40,73,74,62,60,68,63,69,58,55,65,47,45,31,62,47
Paul Arnold Garita,Plymouth Argyle,ST,61,59,58,41,26,32,51,37,58,26,41,50,49,57,46,73,73,68,86,38,56,64,58,61,58,63,48,46,62,56
Anthony Flood,Bray Wanderers,ST,61,60,55,18,15,16,59,47,60,23,53,63,36,45,43,70,72,80,75,44,57,70,70,59,60,52,42,41,55,55
Mark Cullen,Blackpool,ST,61,59,56,34,30,31,55,57,65,39,62,64,49,49,44,68,68,63,58,71,72,81,63,58,62,53,48,43,58,60
Raffaele Cretaro,Sligo Rovers,ST,61,60,60,27,29,29,58,57,57,23,52,56,51,57,51,82,79,69,33,88,87,92,58,57,64,55,50,49,62,57
Alexandr Sobolev,FC Tom Tomsk,ST,60,50,50,29,29,21,58,50,55,28,49,54,31,55,28,50,61,61,72,49,57,71,71,61,66,49,39,27,67,54
Moses Ogbu,Jönköpings Södra IF,ST,60,61,64,35,29,32,59,53,56,24,56,64,49,56,52,75,76,55,77,62,70,59,46,49,55,47,47,40,46,45
Lars-Jørgen Salvesen,IK Start,ST,58,56,58,18,18,14,48,52,56,19,49,47,41,49,32,68,66,57,54,68,65,61,55,56,60,53,36,31,56,47
Ciaran O'Connor,Finn Harps,ST,59,58,55,15,12,13,62,57,61,14,51,64,35,51,44,66,68,65,71,64,70,53,50,54,59,48,52,46,52,45
Gary Shaw,Shamrock Rovers,ST,58,57,52,16,17,18,47,47,54,24,55,53,33,55,37,63,64,60,70,62,58,73,59,55,59,52,45,37,52,49
Pádraig Amond,Hartlepool,ST,58,54,56,18,18,22,35,55,60,29,49,55,45,43,37,60,56,61,62,70,58,61,56,59,59,54,50,38,55,55
David O'Sullivan,Longford Town,ST,56,55,54,18,12,17,33,46,55,11,49,52,34,49,35,52,51,54,73,55,52,62,58,56,58,57,37,31,63,54
Paul Mullin,Morecambe,ST,56,55,46,21,19,16,31,53,57,14,52,46,33,40,31,59,65,50,57,65,56,76,60,56,55,54,42,33,60,43
Dinny Corcoran,Bohemian FC,ST,55,53,54,16,17,18,60,56,57,18,50,38,35,35,35,62,65,70,60,65,72,70,54,54,53,51,48,40,60,48
